,sepal length,sepal width,petal length,petal width,label
0,6.6,3.0,4.4,1.4,Iris-versicolor
1,6.2,2.2,4.5,1.5,Iris-versicolor
2,7.9,3.8,6.4,2.0,Iris-virginica
3,5.0,3.4,1.5,0.2,Iris-setosa
4,4.8,3.4,1.6,0.2,Iris-setosa
5,5.5,2.4,3.7,1.0,Iris-versicolor
6,7.4,2.8,6.1,1.9,Iris-virginica
7,4.8,3.4,1.9,0.2,Iris-setosa
8,6.3,2.3,4.4,1.3,Iris-versicolor
9,5.4,3.4,1.7,0.2,Iris-setosa
10,6.3,3.3,6.0,2.5,Iris-virginica
11,5.1,3.8,1.9,0.4,Iris-setosa
12,6.7,3.0,5.2,2.3,Iris-virginica
13,6.7,3.1,4.4,1.4,Iris-versicolor
14,6.7,3.1,4.7,1.5,Iris-versicolor
15,5.2,2.7,3.9,1.4,Iris-versicolor
16,6.4,3.2,5.3,2.3,Iris-virginica
17,6.1,3.0,4.9,1.8,Iris-virginica
18,4.7,3.2,1.6,0.2,Iris-setosa
19,6.0,2.2,5.0,1.5,Iris-virginica
20,5.4,3.9,1.7,0.4,Iris-setosa
21,5.6,3.0,4.5,1.5,Iris-versicolor
22,5.1,3.8,1.5,0.3,Iris-setosa
23,5.4,3.7,1.5,0.2,Iris-setosa
24,5.0,2.3,3.3,1.0,Iris-versicolor
25,6.7,3.3,5.7,2.1,Iris-virginica
26,5.6,2.9,3.6,1.3,Iris-versicolor
27,6.3,3.4,5.6,2.4,Iris-virginica
28,5.8,2.7,4.1,1.0,Iris-versicolor
29,6.4,2.8,5.6,2.2,Iris-virginica
30,5.8,2.7,3.9,1.2,Iris-versicolor
31,4.6,3.1,1.5,0.2,Iris-setosa
32,6.4,2.7,5.3,1.9,Iris-virginica
33,7.1,3.0,5.9,2.1,Iris-virginica
34,5.1,3.7,1.5,0.4,Iris-setosa
35,6.9,3.2,5.7,2.3,Iris-virginica
36,6.0,3.0,4.8,1.8,Iris-virginica
37,5.9,3.0,5.1,1.8,Iris-virginica
38,5.0,3.2,1.2,0.2,Iris-setosa
39,5.8,2.8,5.1,2.4,Iris-virginica
40,7.0,3.2,4.7,1.4,Iris-versicolor
41,6.8,2.8,4.8,1.4,Iris-versicolor
42,5.7,2.9,4.2,1.3,Iris-versicolor
43,4.4,3.0,1.3,0.2,Iris-setosa
44,5.2,3.4,1.4,0.2,Iris-setosa
45,5.7,2.5,5.0,2.0,Iris-virginica
46,5.7,2.8,4.5,1.3,Iris-versicolor
47,6.4,3.2,4.5,1.5,Iris-versicolor
48,5.9,3.0,4.2,1.5,Iris-versicolor
49,6.3,2.8,5.1,1.5,Iris-virginica
50,4.9,2.4,3.3,1.0,Iris-versicolor
51,4.9,3.0,1.4,0.2,Iris-setosa
52,5.0,3.3,1.4,0.2,Iris-setosa
53,6.0,2.7,5.1,1.6,Iris-versicolor
54,4.8,3.0,1.4,0.1,Iris-setosa
55,5.7,3.8,1.7,0.3,Iris-setosa
56,4.9,3.1,1.5,0.1,Iris-setosa
57,6.0,3.4,4.5,1.6,Iris-versicolor
58,6.6,2.9,4.6,1.3,Iris-versicolor
59,5.8,4.0,1.2,0.2,Iris-setosa
60,6.8,3.2,5.9,2.3,Iris-virginica
61,5.5,2.3,4.0,1.3,Iris-versicolor
62,6.5,2.8,4.6,1.5,Iris-versicolor
63,5.1,3.5,1.4,0.2,Iris-setosa
64,6.1,3.0,4.6,1.4,Iris-versicolor
65,5.4,3.4,1.5,0.4,Iris-setosa
66,6.2,2.9,4.3,1.3,Iris-versicolor
67,6.2,3.4,5.4,2.3,Iris-virginica
68,6.9,3.1,4.9,1.5,Iris-versicolor
69,5.0,3.4,1.6,0.4,Iris-setosa
70,6.1,2.6,5.6,1.4,Iris-virginica
71,5.0,3.5,1.3,0.3,Iris-setosa
72,5.5,2.5,4.0,1.3,Iris-versicolor
73,7.7,2.8,6.7,2.0,Iris-virginica
74,7.3,2.9,6.3,1.8,Iris-virginica
75,5.1,3.3,1.7,0.5,Iris-setosa
76,5.7,4.4,1.5,0.4,Iris-setosa
77,5.1,3.8,1.6,0.2,Iris-setosa
78,5.1,3.4,1.5,0.2,Iris-setosa
79,5.6,2.7,4.2,1.3,Iris-versicolor
80,7.2,3.6,6.1,2.5,Iris-virginica
81,5.1,2.5,3.0,1.1,Iris-versicolor
82,4.4,3.2,1.3,0.2,Iris-setosa
83,5.9,3.2,4.8,1.8,Iris-versicolor
84,6.4,2.8,5.6,2.1,Iris-virginica
85,6.1,2.8,4.0,1.3,Iris-versicolor
86,6.0,2.9,4.5,1.5,Iris-versicolor
87,6.9,3.1,5.1,2.3,Iris-virginica
88,7.2,3.0,5.8,1.6,Iris-virginica
89,6.5,3.2,5.1,2.0,Iris-virginica
90,6.5,3.0,5.8,2.2,Iris-virginica
91,6.7,3.1,5.6,2.4,Iris-virginica
92,5.8,2.7,5.1,1.9,Iris-virginica
93,5.4,3.0,4.5,1.5,Iris-versicolor
94,6.7,3.3,5.7,2.5,Iris-virginica
95,6.3,2.5,4.9,1.5,Iris-versicolor
96,4.6,3.4,1.4,0.3,Iris-setosa
97,4.8,3.0,1.4,0.3,Iris-setosa
98,6.7,2.5,5.8,1.8,Iris-virginica
99,5.3,3.7,1.5,0.2,Iris-setosa
100,5.2,4.1,1.5,0.1,Iris-setosa
101,6.5,3.0,5.2,2.0,Iris-virginica
102,4.9,3.1,1.5,0.1,Iris-setosa
103,5.5,2.6,4.4,1.2,Iris-versicolor
104,5.4,3.9,1.3,0.4,Iris-setosa
105,5.6,3.0,4.1,1.3,Iris-versicolor
106,4.5,2.3,1.3,0.3,Iris-setosa
107,6.3,2.9,5.6,1.8,Iris-virginica
108,5.7,2.6,3.5,1.0,Iris-versicolor
109,6.9,3.1,5.4,2.1,Iris-virginica
110,5.6,2.5,3.9,1.1,Iris-versicolor
111,6.3,2.5,5.0,1.9,Iris-virginica
112,6.0,2.2,4.0,1.0,Iris-versicolor
113,4.9,2.5,4.5,1.7,Iris-virginica
114,7.7,3.8,6.7,2.2,Iris-virginica
115,5.5,4.2,1.4,0.2,Iris-setosa
116,4.7,3.2,1.3,0.2,Iris-setosa
117,6.3,2.7,4.9,1.8,Iris-virginica
118,6.2,2.8,4.8,1.8,Iris-virginica
119,5.7,2.8,4.1,1.3,Iris-versicolor
120,7.2,3.2,6.0,1.8,Iris-virginica
121,6.3,3.3,4.7,1.6,Iris-versicolor
122,5.8,2.7,5.1,1.9,Iris-virginica
123,6.1,2.8,4.7,1.2,Iris-versicolor
124,4.9,3.1,1.5,0.1,Iris-setosa
125,6.1,2.9,4.7,1.4,Iris-versicolor
126,5.6,2.8,4.9,2.0,Iris-virginica
127,5.8,2.6,4.0,1.2,Iris-versicolor
128,5.1,3.5,1.4,0.3,Iris-setosa
129,5.7,3.0,4.2,1.2,Iris-versicolor
130,6.5,3.0,5.5,1.8,Iris-virginica
131,4.6,3.2,1.4,0.2,Iris-setosa
132,5.2,3.5,1.5,0.2,Iris-setosa
133,5.0,3.6,1.4,0.2,Iris-setosa
134,4.6,3.6,1.0,0.2,Iris-setosa
135,6.4,2.9,4.3,1.3,Iris-versicolor
136,5.0,3.0,1.6,0.2,Iris-setosa
137,5.0,3.5,1.6,0.6,Iris-setosa
138,5.5,2.4,3.8,1.1,Iris-versicolor
139,7.6,3.0,6.6,2.1,Iris-virginica
140,4.4,2.9,1.4,0.2,Iris-setosa
141,6.8,3.0,5.5,2.1,Iris-virginica
142,6.4,3.1,5.5,1.8,Iris-virginica
143,4.3,3.0,1.1,0.1,Iris-setosa
144,5.5,3.5,1.3,0.2,Iris-setosa
145,6.7,3.0,5.0,1.7,Iris-versicolor
146,5.0,2.0,3.5,1.0,Iris-versicolor
